date,excess_pct
20150121,-0.14472946396596376
20150122,0.5490940079176552
20150123,0.2976411760158584
20150126,0.28730097694947776
20150127,-0.2056435044724385
20150128,-0.2855539437847132
20150129,-0.2818178829294844
20150130,-0.04166789232349588
20150202,-0.0896861428525188
20150203,0.018450438849440143
20150204,0.34301296619947547
20150205,0.34533957308553354
20150206,0.37215645509154466
20150209,0.7537352769389754
20150210,0.4674369864422989
20150211,0.9485732965935929
20150212,0.4084072205121436
20150213,0.5574187269456472
20150216,0.3015415139716384
20150217,0.6298997229153338
20150223,0.4529380853013809
20150224,0.992033470200298
20150225,0.5924697444200127
20150226,0.20584247824996837
20150227,0.24826329759581567
20150302,-0.26504004108813145
20150303,-0.16939454882268645
20150304,0.23871290388089572
20150305,0.4404877218867158
20150306,0.5424968214922528
20150309,0.4819789151905165
20150310,0.35963372421042683
20150311,-0.21950303308676755
20150312,-0.6462901108219251
20150313,-0.2244996647081985
20150316,-0.12389815990977682
20150317,-0.2124048170090933
20150318,0.3393632887801523
20150319,0.40170046112306057
20150320,0.7455567788872441
20150323,0.57242689048117
20150324,0.8010598368937185
20150325,0.8871548930795009
20150326,1.020149106891538
20150327,1.056476897586497
20150330,0.867473458972249
20150331,0.42142948675281655
20150401,-0.13504559251267434
20150402,-0.5558633720714656
20150403,-0.6818198202969867
20150406,-0.9512949587845858
20150407,-0.9095722419382732
20150408,-0.6289395589675544
20150409,-0.6687944412200175
20150410,-0.8441217898989282
20150413,-0.7514299529776585
20150414,-0.3040385661593903
20150415,-0.03841452635320952
20150416,0.38508583048738676
20150417,0.016453026417408312
20150420,0.11978199076000728
20150421,0.13060420977595255
20150422,-0.09223992906177203
20150423,-0.2856642520165402
20150424,0.3737062581235713
20150427,-0.07393449179839529
20150428,0.03695535075599121
20150429,0.07856099674157013
20150430,-0.029726035670892936
20150504,-0.1454197351009059
20150506,0.4275819948790902
20150507,0.5885293829084528
20150508,0.21945793907079203
20150511,0.1181249853162919
20150512,0.7171729512468006
20150513,0.8612672374057324
20150514,0.09896645219387401
20150515,-0.31911889761717815
20150518,-0.6614154414800301
20150519,-0.7766402487668024
20150520,-0.39882283595335366
20150521,-0.4860659008183415
20150522,0.27635725790319227
20150526,0.7559151458318321
20150527,0.9048762130729376
20150528,1.1645583574353244
20150529,1.0104335591078883
20150601,0.550077257924714
20150602,-0.22977704958808653
20150603,0.5770313845427375
20150604,0.7667289704033144
20150605,0.7347336477032252
20150608,-0.023357778351267733
20150609,0.7152369817538908
20150610,0.6863231921306441
20150611,1.1059252726430988
20150612,0.11276077215964508
20150615,0.014571657367280721
20150616,-0.1993524067704664
20150617,0.18970674438224133
20150618,0.4502817083217874
20150619,0.14836887667428478
20150622,0.17148349904818672
20150623,0.11220353994783966
20150624,-0.02383451969158401
20150625,-0.2657426256084322
20150626,0.4137661002543156
20150629,0.7620581217756244
20150630,0.10454757163918371
20150701,0.02605141156833124
20150702,0.09575458892430255
20150703,0.08045969833300681
20150706,0.14215355411793187
20150707,0.9899921383006269
20150708,0.9304428007842098
20150709,1.9703039613152482
20150710,1.8583644948568008
20150713,2.050485024629001
20150714,1.8273802552996212
20150715,1.9144066231313341
20150716,0.8052828201380811
20150717,-0.3709971358869236
20150720,-0.2606591865799843
20150721,-0.29347612395942146
20150722,-0.2426950860093866
20150723,-0.2790658157327055
20150724,-0.14310959798783962
20150727,-0.2466203188252729
20150728,0.005652517155374515
20150729,-0.08779017655097077
20150730,0.5152471284152984
20150731,0.37308450837586227
20150803,0.3305247597982661
20150804,0.42548085920880097
20150805,-0.29123654060366455
20150806,-0.025263279129228433
20150807,0.32796278060344
20150810,-0.015090598496930063
20150811,-0.0845226295248267
20150812,-0.7104408966198372
20150813,-0.7160376659873222
20150817,-1.0516861519268677
20150818,-0.953962886088549
20150819,-0.17742700740617023
20150820,0.24601803280080903
20150821,0.08031982057536347
20150824,0.7604926005854598
20150825,0.3656253093850106
20150826,0.11499089118924788
20150827,0.07230458617878033
20150828,-0.7909342487386386
20150831,-0.4918530429675121
20150901,-0.6262400538089201
20150902,-0.6659699135504076
20150903,-0.9480878760675936
20150904,0.1413597698151361
20150907,-0.424398164612497
20150908,-0.21815917730026868
20150909,-0.29180286475622363
20150910,0.24965874774671326
20150911,0.19397090287747387
20150914,0.9955231484794775
20150915,0.44503125941514865
20150916,0.6798655425413167
20150917,0.5568795049474875
20150918,-0.10762358784303172
20150921,0.18741171399582768
20150922,0.23213606753349111
20150923,0.1672758251498061
20150924,-0.6001746845612865
20150925,0.06372008767416504
20150930,0.08046804382447736
20151001,-0.11326495223438227
20151002,0.020129268662408162
20151005,-0.014409667236817691
20151006,-0.5660638198240138
20151007,-0.5032893620805029
20151008,-0.526454553733936
20151012,-0.6941045349557681
20151013,-0.49564940400841206
20151014,-0.569252431410344
20151015,-0.6119880037278094
20151016,-0.3919281524654036
20151019,-0.09533874850589152
20151020,-0.15420826788251052
20151021,0.0773431364223407
20151022,0.6598012334947181
20151023,0.6984498134452097
20151026,0.5729969605995002
20151027,-0.25383112161438537
20151028,-0.6106994180734493
20151029,-0.37920914579522286
20151030,0.19911770791890204
20151102,-0.151404180821197
20151103,-0.2277659121891702
20151104,-0.34345598714889425
20151105,-0.2912298992337523
20151106,-0.1287687795336816
20151109,0.3846669215604539
20151110,0.828686985023575
20151111,1.075225702588423
20151112,0.41475258551234234
20151113,0.355064719553692
20151116,0.38246534544834176
20151117,-0.15608291885219083
20151118,0.3945591094614449
20151119,0.3804154607602399
20151120,0.4580893962851089
20151123,0.009005817721197733
20151124,0.7271619390104433
20151125,0.5124347602736327
20151126,0.3015962713389615
20151127,-0.356432906810634
20151130,-0.7600263307041022
20151201,-0.3210010573470452
20151202,-0.4259797704540076
20151203,-0.6755550407971951
20151204,-0.19376223533268222
20151207,-0.7352617964229848
20151208,0.04172340358244586
20151209,-0.0646011970329583
20151210,-0.10382846940767254
20151211,0.7370780546279398
20151214,1.1131570221300562
20151215,0.35367634174703255
20151216,0.3766371619141293
20151217,0.25256223871500544
20151218,0.17861225457207963
20151221,1.2460555998804068
20151222,1.1346512958608477
20151223,1.1080561784935203
20151224,0.9279674677887937
20151228,1.5720932093629632
20151229,0.5363786827002919
20151230,0.3730412808151129
20160104,0.2830764853693628
20160105,0.33455364331448756
20160106,-0.15805959844005835
20160107,0.035674983786160464
20160108,-0.160272587412994
20160111,0.5597760235919631
20160112,0.12381416777881543
20160113,0.08834350488423226
20160114,-0.0718275387323084
20160115,0.28954840579633356
20160118,0.08760747017574891
20160119,0.7547371342522098
20160120,0.4389556805939252
20160121,0.9860779200369292
20160122,0.5447761454339783
20160125,0.86636356940702
20160126,1.3421390277634617
20160127,0.8224932649903507
20160128,0.9880197835605694
20160129,0.3248778852858794
20160201,-0.44783772483705064
20160202,-1.0868637637544474
20160203,-0.9895491289155744
20160204,-1.2392721179287784
20160205,-1.5753318778721948
20160211,-0.7974003626082322
20160212,0.09919862824578995
20160215,-0.1573971192274275
20160216,0.23091455765557312
20160217,0.8644218772368473
20160218,0.613732094060466
20160219,0.6721498369161427
20160222,0.06686599409858877
20160223,0.6163045460490904
20160224,0.5852147589633514
20160225,0.05582349251480467
20160226,-0.2026000548151774
20160229,-0.5042863075881683
20160302,-0.2691832581896272
20160303,-0.156597072884763
20160304,0.2978927571268446
20160307,0.6346253180793431
20160308,0.6022786979637679
20160309,0.6379159320873902
20160310,0.22177695814582132
20160311,-0.14427892801338865
20160314,-0.37902555247793895
20160315,-0.1640325601512942
20160316,-0.34830786550597126
20160317,-0.24958422773547437
20160318,-0.2440430051105229
20160321,-0.1399197034314753
20160322,-0.21340446776964073
20160323,-0.18367462328062978
20160324,0.2372266406050273
20160325,0.3932813228915715
20160328,0.4493811774802505
20160329,0.11934556942078833
20160330,0.7244609671329723
20160331,0.4938261137844512
20160401,-0.0553128328887853
20160404,-0.1880849022028468
20160405,0.31538405322152024
20160406,0.3196200560292471
20160407,0.35086214466688814
20160408,0.5847315462291228
20160411,0.40432355844284096
20160412,0.2211285649995921
20160414,-0.17332294512154323
20160415,0.20939783378084997
20160418,0.20334855473332003
20160419,0.6284771022533242
20160420,0.6077178182506486
20160421,0.565331931641423
20160422,0.12165453877146326
20160425,-0.14295304587818825
20160426,-0.024338568190184096
20160427,0.23359066151391827
20160428,0.20532263972336384
20160429,-0.09351604471219654
20160502,-0.009482459098238527
20160503,0.15427255994668287
20160504,0.11906214543752713
20160509,0.5578438072007958
20160510,0.048472472554642904
20160511,-0.12035591443262939
20160512,-0.42608888675249945
20160513,0.16264057973023038
20160516,0.2807136812769218
20160517,-0.2059033511846473
20160518,0.2653909425062291
20160519,0.3144785415409068
20160520,0.2108202895773833
20160523,0.6767172752943407
20160524,0.8767157404008454
20160525,0.3606751491665787
20160526,1.018194599672588
20160527,0.8582421707154411
20160530,0.06997808814866469
20160531,0.0319106030331795
20160601,0.23695592362842766
20160602,0.4735715491558634
20160603,0.1350888073258275
20160607,0.43421813739136983
20160608,0.42472909597855923
20160609,0.4966275876359121
20160610,0.4934084168292867
20160613,0.3227159375615073
20160614,0.3249767374288923
20160615,0.2910200182536555
20160616,0.40572871736831706
20160617,0.3405059477388077
20160620,-0.13927774841152107
20160621,-0.19010055427021477
20160622,-0.12258163353615803
20160623,-0.19200161484078035
20160624,-0.005952650623585853
20160627,0.9442162849719704
20160628,1.0886902997233774
20160629,0.34557543325188655
20160630,0.8396464027546964
20160701,0.615968442550539
20160704,0.4879023234686324
20160705,0.07993849588666058
20160706,0.30619132993140674
20160707,0.36483893671581813
20160708,0.04212439643225596
20160711,0.42003978514887735
20160712,1.3438501923160464
20160713,0.46585778504794817
20160714,0.45973679747151347
20160715,0.6585794413593336
20160718,0.010688427225802322
20160719,-0.045328120607536763
20160720,-0.1362449344485695
20160721,-0.308941807462033
20160722,-0.14024185524389243
20160725,-0.12955858535436715
20160726,0.11604021896250366
20160727,0.3523865892611709
20160728,0.15048783479944816
20160729,-0.22476570696335074
20160801,-0.31806012941103856
20160802,-0.4365844826193488
20160803,-0.2655857337294493
20160804,-0.3403532713012787
20160805,0.23481970904602445
20160808,-0.08287698279329432
20160809,-0.36150060655976923
20160810,-0.08554373379898461
20160811,-0.14675738465458377
20160812,-0.062329241929549806
20160816,-0.25222968923703326
20160817,0.262773620930966
20160818,-0.03781699072379885
20160819,-0.19829683716605806
20160822,-0.1869836615003444
20160823,-0.2611927145197295
20160824,-0.008459653599069306
20160825,0.4395840874223369
20160826,0.24556954100222222
20160829,-0.3700811157048265
20160830,-0.10255954508853904
20160831,-0.13176959991986759
20160901,-0.8524395326636883
20160902,-0.8256701636758836
20160905,-0.6237162667164657
20160906,-0.27878376850911124
20160907,0.4272706168498735
20160908,0.39384518569016524
20160909,0.727660202219242
20160912,0.9004238934988651
20160913,0.8352709411636203
20160919,0.7674668488281036
20160920,0.8903496530401536
20160921,1.0009597870200337
20160922,0.5660849034186832
20160923,0.2970747084489249
20160926,-0.21653134185597497
20160927,-0.035509995622374
20160928,-0.4049535657974927
20160929,-0.282819534194374
20160930,-0.423935310781988
20161004,0.13768936608128568
20161005,0.5300752243216935
20161006,0.6806236234194518
20161007,0.10129373251592222
20161010,-0.055896667461980964
20161011,-0.27715290504206025
20161012,-0.2089585275098056
20161013,-0.4941038385841672
20161014,-0.886346102928486
20161017,-0.9540469308970454
20161018,-0.9875440041268129
20161019,-0.7528038262966543
20161020,-0.21217117616065928
20161021,0.7620618920036033
20161024,0.7372258401140455
20161025,0.4880241380208292
20161026,0.06732490340919384
20161027,-0.5511352394740046
20161028,-0.8659612893311817
20161031,-0.552185827802505
20161101,-0.8718450895669348
20161102,0.35814328061731004
20161103,0.03894145696876605
20161104,-0.4098412535750231
20161107,-0.8950240904431083
20161108,-1.4728357420949316
20161109,-0.2474864828731027
20161110,-0.6343311564367387
20161111,-0.5356501463882247
20161114,-0.6598379582980689
20161115,-0.2191143814826344
20161116,-1.1940558228479388
20161117,-1.1987262501818865
20161118,-0.7458999529587542
20161121,-1.0057331346378793
20161122,-0.712505682282367
20161123,0.2902281073208539
20161124,0.4879252726589104
20161125,-0.09070423285327855
20161128,-0.6230654086482912
20161129,-0.5568547177647654
20161130,-0.057017738979531885
20161201,-0.041582530045516486
20161202,0.6053342398476744
20161205,0.5796048606280024
20161206,1.3661663230467962
20161207,1.0648301077959976
20161208,1.4474264843693048
20161209,1.0731807260905275
20161212,1.151443860762945
20161213,0.3395026635276156
20161214,0.3118538139645395
20161215,0.10007030304708567
20161216,0.0028953395502231416
20161219,0.2984700154899299
20161220,0.7524417024638747
20161221,0.9511005146063625
20161222,1.1350772105750488
20161223,0.5849455913517156
20161226,0.2693591427546922
20161227,0.3815969353481794
20161228,-0.2810719828443071
20161229,-0.47787814935488804
20170102,-0.20964995538700903
20170103,-0.34631281337110054
20170104,-0.26572973819928725
20170105,-0.11915492808093231
20170106,0.33096678905057775
20170109,0.11611621719563914
20170110,-0.11174212126838134
20170111,0.18575992213776793
20170112,0.43685596847310104
20170113,0.17096373574099832
20170116,0.06485071699754608
20170117,0.7831524750805774
20170118,0.7846552971383218
20170119,0.6248831718447185
20170120,0.9226114526499298
20170123,0.7901440913903959
20170124,1.362720333460201
20170125,0.9906043621113187
20170126,0.21003053809600636
20170131,-0.2085345047934033
20170201,0.23589211201649762
20170202,-0.29270315544602166
20170203,-0.6515527331313804
20170206,-0.20557544329194877
20170207,0.24054838791244537
20170208,-0.2625244004235001
20170209,-0.28373799408160794
20170210,0.3803424290416919
20170213,0.3311727927203052
20170214,0.06767554488484206
20170215,0.4471797941405093
20170216,0.3314343056487423
20170217,0.4648799875080224
20170220,0.08714281144310343
20170221,0.3938126996073743
20170222,0.23083927359317835
20170223,0.17048528725432988
20170224,-0.1601640484940421
20170227,-0.40572492300021334
20170228,-0.44776096644503927
20170302,-0.5924532513648973
20170303,-0.21823642708854907
20170306,-0.4330282213330978
20170307,-1.0976133526773193
20170308,-0.31720282563023366
20170309,-0.0434682000247415
20170310,0.35141694284266123
20170313,0.5617987093214392
20170314,0.40717550971467237
20170315,0.7093890850573717
20170316,0.4115766607918454
20170317,0.2520214081401776
20170320,-0.12364434049589773
20170321,-0.0358897000343642
20170322,-0.0008791094171141101
20170323,-0.0036279747735799006
20170324,-0.3567561650531601
20170327,0.1606267328157558
20170328,1.5539972980095826
20170329,0.9037429252443923
20170330,0.767456893637819
20170331,1.3574571543895002
20170403,1.5742764203151227
20170404,0.7884586343426558
20170405,1.2151829737033002
20170406,1.527047159618713
20170407,1.658588198338008
20170410,0.9829041932446791
20170411,0.515339020051524
20170412,0.22698152992442155
20170413,0.26707812957946686
20170414,0.46432959514722105
20170417,0.373158304235868
20170418,0.5974475145791905
20170419,0.4906986580788075
20170420,0.3508374066449094
20170421,0.6205007866368824
20170424,0.45800651023322586
20170425,0.39870752614887484
20170426,0.10323503927850919
20170427,0.7694022562327311
20170428,0.6370059338355802
20170502,0.21518747195189247
20170504,0.014552325196549365
20170508,-0.1377714568068138
20170510,0.16374517652122186
20170511,0.0768224144298808
20170512,0.389199852369096
20170515,0.025681532850006905
20170516,0.3923000632789606
20170517,0.3607186622009011
20170518,0.24782594128848512
20170519,0.12298546069534977
20170522,0.09326130782237596
20170523,0.4640660270459893
20170524,0.46651810698114127
20170525,0.5008797307085395
20170526,0.4792409549241172
20170529,0.5675657913125434
20170530,0.5565096926377373
20170531,0.4453266030770049
20170601,0.48483387924673016
20170602,0.20581016793716697
20170605,0.33888338354214165
20170607,0.055072159508378626
20170608,0.12217669513287135
20170609,0.23743323192822674
20170612,0.6472405545876841
20170613,0.5043608082146736
20170614,0.24107376676053094
20170615,0.32868384830492836
20170616,0.46933842349296195
20170619,0.5806572347238916
20170620,0.4357039512059768
20170621,0.3380240236364626
20170622,0.48047396127605213
20170623,0.40600243376894485
20170626,-0.431587514713633
20170627,-0.44573635825818503
20170628,-0.06090672006561498
20170629,-0.0278634798586761
20170630,-0.20973378178330493
20170703,-0.011080586401693182
20170704,-0.11076357739370118
20170705,-0.3049665268930233
20170706,-0.2115686366935361
20170707,-0.3906646873323689
20170710,-0.24173658560095812
20170711,0.18762307440322756
20170712,0.21068577165390812
20170713,0.3612701486487073
20170714,0.24565801135327803
20170717,0.1946099350620769
20170718,-0.14238644220264973
20170719,-0.27718378495800733
20170720,0.24013135084679527
20170721,0.0013366010153861296
20170724,0.06845270103454126
20170725,0.14416199202525748
20170726,0.6056684782221256
20170727,0.0706992406813578
20170728,0.19279550245229438
20170731,0.04249943544021431
20170801,-0.01171572265752785
20170802,0.1820670945986591
20170803,0.3462129325742397
20170804,0.41500227391620914
20170807,0.0758752954842894
20170808,-0.07443292194736806
20170809,0.0034653370325511412
20170810,0.15083908524481843
20170811,0.00989845770704667
20170814,-0.41488644790532825
20170816,-0.6288652280048447
20170817,0.03149815552264701
20170818,0.09444624895427745
20170821,0.012355309780167412
20170822,-0.511596786797028
20170823,-0.07472550403383682
20170824,0.23643394425107456
20170825,0.38832513883428277
20170828,-0.03939915583997433
20170829,-0.09116880959928442
20170830,0.1357960078325542
20170831,0.10770101972123547
20170901,-0.2321714727133255
20170904,-0.16287567905906036
20170905,-0.30665676609035974
20170906,-0.5238834247445995
20170907,0.014873105847259871
20170908,0.6112090220541042
20170911,0.4268941883888162
20170912,-0.10951013649872388
20170913,-0.028308266387800374
20170914,0.07951390090359256
20170915,-0.05179805122640602
20170918,-0.6899227093814435
20170919,0.12650374563445066
20170920,0.2135045824621935
20170921,0.8762291515277028
20170922,0.7252488694178665
20170925,0.7232869958474222
20170926,0.6152037606815459
20170927,0.13194292958997877
20170928,-0.2752409942987042
20170929,-0.618824663349253
20171010,-0.13310836994065467
20171011,-0.5904440556592503
20171012,-0.45895356959117517
20171013,-0.09420548481850066
20171016,0.298924375491912
20171017,0.660736095628818
20171018,0.35079192544682547
20171019,-0.10991324852071993
20171020,0.6309498059567611
20171023,0.6453039210533891
20171024,0.05801216993250491
20171025,-0.04203680072682103
20171026,-0.2582422630840866
20171027,-0.2629453782607585
20171030,0.20372505921679385
20171031,0.18312272813090125
20171101,0.7482414318217758
20171102,0.37828812863225814
20171103,0.6251715171884697
20171106,0.5347542881865293
20171107,0.5990726921260947
20171108,0.40862264785753544
20171109,0.744770125682777
20171110,0.2339837675416132
20171113,0.23394435245385514
20171114,0.07666111476091464
20171115,-0.3895035042717554
20171116,-0.022548975710277475
20171117,0.5868594501861866
20171120,0.31765648839872473
20171121,0.25536593303374777
20171122,0.04351723320150769
20171123,-0.10416396077024093
20171124,-0.7067394225541053
20171127,-0.9918200801237718
20171128,-0.42620638098350416
20171129,-0.3588095571662734
20171130,-0.21347362218374244
20171201,-0.5485850999128545
20171204,-0.19878116194412376
20171205,-0.1615437536708062
20171206,-0.4349295184218114
20171207,0.4699402221295671
20171208,-0.5054427681732818
20171211,-0.8587661711952069
20171212,-0.3640662910934735
20171213,-0.2435172379066568
20171214,-0.3343421968653981
20171215,0.6627224964459466
20171218,0.3511727988116391
20171219,0.43228344651622075
20171220,0.4891908667910214
20171221,0.22178524464086724
20171222,-0.1495606558920315
20171226,-0.7225140402205952
20171227,-0.5613569188513261
20171228,-1.4493442507685463
20180102,-0.8785084732187907
20180103,-0.5508609911467788
20180104,0.8397149724191109
20180105,0.43279981313018395
20180108,0.37479652258168095
20180109,0.5037145088223567
20180110,0.5582167799606754
20180111,-0.1932795763608799
20180112,0.49281118790121825
20180115,1.0937273147181097
20180116,0.5139189516890794
20180117,0.08079292049183406
20180118,-0.08475163324864887
20180119,0.14098555585744244
20180122,0.05088695152232248
20180123,-0.38940900185769545
20180124,-0.04571282665006371
20180125,-0.11765582779104933
20180126,0.1773874485337419
20180129,0.16086574352804472
20180130,0.4062047708987846
20180131,0.49801740023461605
20180201,0.2845210381381307
20180202,0.3605006462906237
20180205,0.5404060240211894
20180206,0.02333653329119123
20180207,-0.3046798931609933
20180208,-0.5152180197601949
20180209,0.20724978471626887
20180212,-0.034499131880718625
20180213,0.08968567847987163
20180214,0.16626425023137115
20180219,0.19883568989755046
20180220,0.6675783249670219
20180221,0.21447968252357685
20180222,0.24600766089342474
20180223,-0.2926570138985496
20180226,-0.053732649431804
20180227,-0.34065997315277796
20180228,0.060430368838960025
20180302,0.4040081187068436
20180305,0.22291544502227278
20180306,0.3237994165814815
20180307,0.1684179797360894
20180308,0.6313173522697473
20180309,0.7764492653337598
20180312,0.5515366509508878
20180313,0.30296100919223595
20180314,0.3662551379764652
20180315,-0.17675091377581764
20180316,-1.001633211259148
20180319,-0.0840146748483801
20180320,-0.32765125268932627
20180321,-0.5546869995755017
20180322,-0.23722041570825803
20180323,0.1424558727611318
20180326,-0.2332813991545053
20180327,-0.3649276054095043
20180328,-0.9673944467652343
20180329,-0.7775983824232914
20180330,-0.6284557801477549
20180402,-0.40202736128896227
20180403,-0.672324351024999
20180404,0.8669671765431533
20180405,-0.1950181392933905
20180406,-0.24178188606737105
20180409,-0.44875769478665717
20180410,-0.051722059166937395
20180411,-0.3463873577135099
20180412,-0.14555259157319722
20180413,-0.19234262855310935
20180416,-0.3506787115052833
20180417,-0.605507005818269
20180418,0.4671234555227519
20180419,-0.463237886803339
20180420,-0.007237862526479399
20180423,0.5915454598659429
20180424,0.6469762114532804
20180425,0.13610799380795924
20180426,0.06373490956894418
20180427,-0.5086873308238871
20180430,0.18790702750530563
20180502,0.21653559897840713
20180503,0.19763500145594004
20180504,0.32741278350754577
20180508,-0.8093995549629391
20180509,-0.9665243658431462
20180510,-0.7250516729547551
20180511,-0.28180858545234144
20180514,0.3919511790944332
20180515,0.7698145553335016
20180516,0.6999793160737121
20180517,2.396072147224293
20180518,-0.06369217996364364
20180521,0.34460148813640834
20180523,0.35673049396621215
20180524,-0.6354855693096289
20180525,-0.7993008027549533
20180528,0.810367068910811
20180529,0.5746628188541438
20180530,0.9879517139174696
20180531,0.9778186255290522
20180601,-0.3389809152979586
20180604,0.03780758053677793
20180605,0.6571874470524088
20180607,0.21636454618785494
20180608,-1.2323775927269907
20180611,-0.4060458879463944
20180612,-0.4795325806128128
20180614,-1.1248885125998918
20180615,0.05388582738194625
20180618,1.2143307065604017
20180619,2.041706073254518
20180620,1.8678079083666725
20180621,1.795294230788579
20180622,1.0522151324741618
20180625,1.2255001420739564
20180626,0.6579974614863868
20180627,0.1601371787428585
20180628,0.7250423860351525
20180629,0.31780757932063786
20180702,1.519556523798233
20180703,1.3727324502152223
20180704,0.8741927348652336
20180705,1.4336962591890963
20180706,1.1935624438237835
20180709,-0.3893717207315843
20180710,-0.231713420661404
20180711,0.3683349196404117
20180712,-0.045023050607106097
20180713,0.3734932745994479
20180716,0.02793514914244266
20180717,-0.10415811748162263
20180718,-0.8382494066531372
20180719,-0.9998724740857243
20180720,-0.7194803859428186
20180723,-0.4577452809113769
20180724,0.15105665495254028
20180725,0.497907214789052
20180726,0.21133649908540253
20180727,0.12654718939466236
20180730,0.11257403126657517
20180731,0.1965925037658277
20180801,-0.13875663470657296
20180802,0.10395750131682402
20180803,-0.651293460751877
20180806,-0.3857198825218324
20180807,-0.3084740644202788
20180808,-0.587579033064404
20180809,-0.632147413702929
20180810,0.01422466745299622
20180813,0.21535892971161985
20180814,0.26797750725101555
20180816,0.17610356924296244
20180817,0.0022867496828427036
20180820,0.6476158336107705
20180821,0.3799672984653911
20180822,0.5042344896754978
20180823,0.38505220778662075
20180824,0.502264811610176
20180827,-0.14592736593003575
20180828,0.09183685142978026
20180829,-0.6947985205828711
20180830,-0.6460389260823293
20180831,-0.9589966872955848
20180903,-1.0370138000622278
20180904,-0.4159489766128126
20180905,-0.5266533234481425
20180906,-0.8169751040213509
20180907,-0.17677740849840862
20180910,0.4103490351685366
20180911,-0.16368651234737316
20180912,0.7002847754556869
20180913,0.28505759498931305
20180914,0.27784437613698487
20180917,-0.06405410561042224
20180918,-0.4023344092982295
20180919,-0.6567604047952443
20180920,-0.7148491799593868
20180921,-0.6790745503412148
20180927,-1.5419427140652475
20180928,-1.4619891015098805
20181001,-0.4947085367525972
20181002,-0.5686236957100039
20181004,0.13384192711781218
20181005,-0.11386455380615779
20181008,0.31854118154514577
20181010,0.20976197796071916
20181011,0.3697563508153676
20181012,0.13227842411260382
20181015,0.5513338508785548
20181016,-0.32378136871177166
20181017,-0.1804200310696702
20181018,-0.30072750946290316
20181019,-0.4097361504682908
20181022,-1.315531238512385
20181023,-0.29248878445297954
20181024,0.07280098072337893
20181025,0.4900477664593694
20181026,0.9921192251372934
20181029,0.6332132411848086
20181030,0.3594656485371548
20181031,-0.014283189108468264
20181101,-0.10579135906909798
20181102,-0.3977004748369018
20181105,-0.6829506848199862
20181106,-0.42324989698481774
20181107,-0.19715281049920858
20181108,-0.3692492570300062
20181109,0.048834049787081724
20181112,-0.7589375204894706
20181113,-0.5564550244637294
20181114,0.009703816348230365
20181115,0.484664669031585
20181116,0.47882560329059753
20181119,0.3229554181169092
20181120,0.7007396628571941
20181121,0.4621570422163976
20181122,0.19924311417534468
20181123,0.2480809948667495
20181126,0.35752761382867204
20181127,0.16037135495239152
20181128,-0.025366151085481348
20181129,-0.16660142099186492
20181130,0.05185926053994894
20181203,0.09165596082270877
20181204,-0.1502741468987807
20181205,0.1396333014251323
20181206,0.5209716883524582
20181207,-0.5204972066304605
20181210,-0.29853208473877524
20181211,-0.1814527115738983
20181212,0.28298532952681776
20181213,0.3278725896007533
20181214,0.6612576369369751
20181217,0.811523598922296
20181218,0.6422552638615755
20181219,0.37804586634461623
20181220,0.6332782903397418
20181221,-0.1485246188605026
20181224,-0.6199050459989058
20181226,-0.7701223284814612
20181227,-1.1843332942686005
20181228,-0.644262217144706
20190102,0.4874424854809174
20190103,1.0839211554063621
20190104,1.6428639127914986
20190107,0.9727703712151436
20190108,0.41794473302431623
20190109,-0.06354899414326587
20190110,0.43494939473347083
20190111,-0.3201631693746383
20190114,0.014044152232540519
20190115,-0.21526809960901172
20190116,-0.17604543750764434
20190117,0.20191845595750202
20190118,0.26182506821181173
20190121,0.20419579388408438
20190122,0.415069712254585
20190123,0.740237567934477
20190124,0.7572472368382545
20190125,0.5285995072012802
20190128,1.34463121978674
20190129,1.2365486466562396
20190130,0.6909836728938195
20190131,0.9501307960835239
20190201,1.0029790249116182
20190207,0.4415929563460548
20190208,0.4323779575558848
20190211,0.6625180706615512
20190212,0.6154179669675959
20190213,0.6426653242736575
20190214,0.6753800791301696
20190215,0.5822248260687729
20190218,0.7872543515969004
20190219,0.6685483280998337
20190220,0.5916878126474477
20190221,0.6811057059073806
20190222,1.3467951095405981
20190225,0.3686590409095114
20190226,0.36802092955056076
20190227,0.5939088812833724
20190228,0.865886153127311
20190304,0.643033132865168
20190305,0.909513179126368
20190306,0.9703392970589928
20190307,0.6888258706751069
20190308,0.941291610759901
20190311,1.3550828511680346
20190312,0.6509836538219089
20190313,0.43748511767505294
20190314,0.8970310088549578
20190315,0.7174845627840237
20190318,0.1150832895175391
20190319,0.22369465390103915
20190320,-0.384570230728575
20190321,-0.29531450907760126
20190322,-0.15544662895721206
20190325,-0.2507173585981235
20190326,-0.30495890603194015
20190327,-0.29301580135136174
20190328,0.005573651598378859
20190329,0.03311532360300706
20190401,0.5479103020837011
20190402,0.5995445353449371
20190403,0.5012564138067823
20190404,0.7050870072973852
20190405,0.5576085843354033
20190408,1.0465994269817211
20190409,0.14902629270269507
20190410,0.27276945880123926
20190411,0.012561167399009365
20190412,0.19242874036567426
20190415,0.26441914859054894
20190416,0.06644779664521716
20190417,-0.006096438656504111
20190418,0.20112830166485984
20190419,-0.3882476539860691
20190422,0.5108169509006504
20190423,0.15492450702341998
20190424,0.2740456505073771
20190425,0.03547464020385882
20190426,0.3884684532829683
20190429,0.03706677481085596
20190430,-0.1238098568428776
20190502,-0.18965538978523444
20190503,-0.5239543155385071
20190507,-0.3358337858843461
20190508,0.00369796312197046
20190509,-0.007087647744049241
20190510,-0.05466054231801909
20190513,0.2977115232724036
20190514,-0.014739848964481883
20190515,0.10508501399645143
20190516,0.16323029509123632
20190517,-0.4614364515760778
20190520,-0.5521001458498875
20190521,-0.4342218615529726
20190522,-0.34821763193646893
20190523,-0.3838871502710264
20190524,0.02418631257900372
20190527,0.3595695791407175
20190528,0.07030900579972404
20190529,0.5956889367089944
20190530,0.9742707477691477
20190531,0.17465379589924446
20190603,0.45721346817797315
20190604,-0.04644840666571781
20190605,0.06108720428804393
20190607,-0.12412182237674108
20190610,0.31160641612838685
20190611,-0.7760879839959326
20190612,-0.6716625072961137
20190613,-0.020366747745000552
20190614,-0.43738097919493946
20190617,-0.4277759935025561
20190618,0.1486313180562454
20190619,-0.025494892954285975
20190620,-0.5976753497540597
20190621,-0.457191169300065
20190624,-0.21019906895874074
20190625,-0.30074911704490614
20190626,-0.14191980270998483
20190627,0.2829114080376087
20190628,-0.11167359758359977
20190701,-0.7377084187512324
20190702,-1.0428826700083302
20190703,-0.7294881746286448
20190704,-0.5286321133891816
20190705,0.15167221487520077
20190708,0.709440402333881
20190709,0.6535012795068358
20190710,0.21009021192449734
20190711,0.08312412887663578
20190712,0.05288128848055473
20190715,0.1734566515456934
20190716,-0.4305226282553698
20190717,-0.21249179776089488
20190718,-0.8754616510319169
20190719,-0.7482023167333418
20190722,-1.9825552299472626
20190723,-1.1645985059705346
20190724,-0.32670855847546143
20190725,-0.21086356590136646
20190726,0.15096216519476346
20190729,-0.2503764502946524
20190730,-0.7571355389674643
20190731,-1.0750604203363903
20190801,-0.35280813997296034
20190802,-0.6167196100410739
20190805,1.6144584231981094
20190806,1.9242750727574665
20190807,1.3360467819904702
20190808,0.7627297805076616
20190809,1.0400897601006804
20190812,1.1457549959957314
20190813,0.9535311036303669
20190814,0.5884970805657888
20190816,0.10188331569014375
20190819,-0.785807327128357
20190820,-0.70569545844624
20190821,-0.04241922286508837
20190822,-0.15883957916374492
20190823,0.25859191124819053
20190826,1.4205238765328954
20190827,0.6006453482809126
20190828,0.22104566625350852
20190829,0.9460447396421374
20190830,0.4919532510124327
20190902,0.17995939568810715
20190903,0.18176779370051244
20190904,-0.3368148134332125
20190905,-0.24296572362093827
20190906,-0.0515810807859407
20190909,-0.03173824663560154
20190910,1.2224929841665801
20190911,1.1005691564273228
20190916,0.6494422556670087
20190917,0.4607400014213256
20190918,-0.18577791946932942
20190919,-0.4068802218455505
20190920,-0.2545507365340005
20190923,-0.21077457168642644
20190924,0.4442730260392769
20190925,0.725980540894354
20190926,0.8881030438617674
20190927,0.7383355547284904
20190930,1.3193261492360704
20191001,1.286854008459379
20191002,0.9403704864094998
20191004,0.7411729450058375
20191007,0.8724498754896355
20191008,0.7952455683936792
20191010,0.3383010457362534
20191011,0.976496497977311
20191014,0.6413649733382513
20191015,0.08011896974369195
20191016,0.1669552837007835
20191017,0.04337445362832759
20191018,0.23946848864886505
20191021,0.6059161865513323
20191022,0.6029814090341251
20191023,0.32193418378134697
20191024,0.541583122722787
20191025,-0.06828321514622782
20191028,-0.4958914033697386
20191029,-0.13557569918207113
20191030,0.1648570600971917
20191031,-0.47726077368967257
20191101,0.04227588115079639
20191104,0.34374080423829706
20191105,-0.3837047985739366
20191106,-0.33154765284680465
20191107,0.09303294585223815
20191108,-0.16818003868626208
20191111,0.17361737413121942
20191112,0.08868442231241824
20191113,-0.3297661348208263
20191114,-0.7574246424112574
20191115,-0.18295312818031428
20191118,0.02897032429225721
20191119,0.20137144284655228
20191120,0.6406981003444696
20191121,0.5863255775361355
20191122,1.0291867171060587
20191125,-0.08560930270026024
20191126,-0.05540482785855039
20191127,-0.5492508133896825
20191128,-0.15484890388705885
20191129,0.18231011954353282
20191202,1.0654974136597004
20191203,0.612189181369587
20191204,0.7277655448522107
20191205,0.17317466158147177
20191206,-0.3087552351813163
20191209,-0.4508015211953049
20191210,-0.31758643023613864
20191211,-0.13152839700669094
20191212,0.03809647091922974
20191213,0.6766657748419586
20191216,0.7526651921192227
20191217,0.564586931785517
20191218,0.5204207612527724
20191219,1.3686809456918962
20191220,0.9743931163756185
20191223,1.680393667393453
20191224,0.8764016830305712
20191226,0.6126694351482747
20191227,0.1222198842973874
20191230,-0.24143323452947385
